Simulation_ID,Device_Type,V2DT_Synchronization_Delay,Digital_Twin_Model_Drift,Computational_Overhead_of_Edge_Processing,V2DT_Data_Consistency_Score,Edge_Assisted_DT_Reconstruction_Time,AI-Based_Predictive_Digital_Twin_Divergence,Energy_Consumption_RaspberryPi_RSUs
1,OBU,1.358277620048772,0.13642971671907306,17.941777201536514,81.73420554473313,2.37063979499786,0.387841627886235,7.81884387405697
2,RSU,0.2338835549086023,0.04960831834354695,48.663252329885566,87.95366599304785,1.4577511757874893,0.38027320003909787,6.368267302517632
3,RSU,0.12616180680339253,0.17528211532874027,37.38792135105301,80.2568864768636,4.104969455730047,0.2697032082521196,18.956133037043237
4,RSU,0.6816107409531214,0.15384070152324383,62.51074460149108,91.40225738112767,1.6434840098766779,0.19973507514783312,6.191430820880442
5,OBU,0.9234968642503445,0.16097342044191182,43.90355183223508,88.0165781123524,3.063946992209831,0.2912068555388473,19.940566859449454
6,RSU,1.2876594733650748,0.013878828493518075,61.23240291412764,89.09079731962551,1.1733130381634562,0.3505860477120232,19.440596115132863
7,RSU,1.1199113194117098,0.10127040373407892,10.979818919095214,82.74835598397112,1.494938660058719,0.33377303089599825,7.2839811993160035
8,RSU,1.3610221325988425,0.12902542537480366,14.178946300257177,98.26193166271953,1.5393753992990988,0.32781865852101383,16.382224245583927
9,OBU,0.15646755673030527,0.07916821877676539,73.76067031899564,80.32472070605118,1.118906093829072,0.32123618052228053,14.314653637946195
10,OBU,1.0888028233288236,0.19366855137456435,14.177504141424603,97.48674218873477,3.0089459102698908,0.09428706257443539,11.623648809997963
11,RSU,0.7511257625906501,0.1258478052390761,51.91269596618212,93.46317085388938,3.8458823297131466,0.25506703419558674,5.356168055029259
12,OBU,1.1099113065603783,0.12948322832316322,24.861583449129334,88.64192075560219,2.024606898862544,0.2732647111171411,5.825497914157327
13,RSU,0.9902040063585582,0.12802334464541723,81.18774561912448,81.19622259554978,4.978401189726945,0.399097861808407,11.433216095060137
14,OBU,0.2224018724757847,0.1868037990859488,24.8839575457788,92.0604007015078,4.877222070110578,0.33147759495869983,9.527240926151167
15,RSU,0.6575702370304745,0.15500221622454516,47.823601319338024,88.6428544745999,3.8831487333338712,0.08365063049060711,11.81118579275181
16,OBU,1.0136191285946594,0.054659563293994275,67.3324917418119,88.42394744385983,3.6420073838385316,0.3431137170486557,19.757922850213006
17,OBU,1.1101283888934996,0.02956941810515913,73.60456792370618,87.10637382494818,4.527265013084666,0.0580633667922973,17.10296640931113
18,RSU,0.9614647271418535,0.011745432328395288,92.30710598177298,94.12622175137777,3.338636473519831,0.07436242087554133,16.23250838778751
19,OBU,0.6042516592925012,0.0546557152283718,83.11881875707171,80.60370828224694,4.44849440159828,0.19954116174205172,9.171519059675752
20,OBU,1.183560613267919,0.1974528660015167,73.74853219161916,83.9186327506066,0.601762594223074,0.0866997116701481,18.422303244165615
21,OBU,1.021891002587494,0.07053519349936603,74.05693405678818,80.85710179370409,3.060171323956757,0.3319954508258274,15.744163623190637
22,RSU,0.2872020455282193,0.10580323232902404,56.4880772429384,89.30987988830739,1.5577297408735138,0.23466559532599401,5.383274310837017
23,RSU,0.274416273531927,0.06509281606615691,77.28368070446282,80.75204656383116,1.2214452843940133,0.2852122325114171,12.429092116175235
24,RSU,0.21250834106888966,0.13706589832377392,44.46349109429013,84.93872000512916,0.5678624084052937,0.0717148411544847,18.157589954839835
25,OBU,1.3808471022573947,0.011929116119160732,24.697050717831495,81.16340787774388,2.696174142619917,0.2829415188967047,11.08781873037484
26,OBU,0.6472109181556152,0.09522317881798785,55.95875726233935,96.3058909320149,3.664320478466426,0.21208318959643807,18.39641237821136
27,OBU,0.7960168872952826,0.10401074586224181,46.05318937603844,85.67035882039005,3.4093337307865226,0.1954085889746488,13.054604037428394
28,RSU,1.2334418292640608,0.09607731086224335,10.486769145863907,86.86176297636854,2.0297570653945893,0.09594638687931471,7.497170941607977
29,RSU,0.6034303270016979,0.07050242404556466,51.100400147175314,86.50369550910263,4.8272481433019205,0.22203788513428108,7.913602501727363
30,RSU,0.9106021499872569,0.13503702701492085,57.936640679812754,97.41220074582482,2.1030819706005777,0.3615615899315394,13.112747792444424
31,RSU,0.8911925041963926,0.04338494510457416,63.9657775940795,91.45633618057406,1.2618316536938097,0.22057309235784905,8.019180757766723
32,RSU,1.0610828722619425,0.1263556562747147,26.048002834935605,89.72011334827383,3.999627080911548,0.1397386664276394,6.658699219240837
33,OBU,0.3697082497853602,0.19096007179393196,13.8855022599793,89.73273953478086,2.4701972356435262,0.3690856410867502,8.59024070574904
34,RSU,1.4661426653257636,0.1417648676233363,48.24629539158688,92.05306073389075,4.147280784107178,0.09939433641209686,10.295686937481939
35,RSU,0.47851883561190345,0.15373583092598656,33.964535757847955,90.96844468958324,4.310133434667812,0.3728861892671111,14.494037748623473
36,RSU,1.2308958735541007,0.1729105563027201,24.99272541791605,83.47721979573359,4.40362940537371,0.3446705549719262,9.313030780352385
37,RSU,1.3251456899776461,0.08221780588873769,42.13190768953564,89.94324528540649,4.617335039208618,0.16031403183867754,8.090042155085722
38,RSU,0.6565804142268615,0.12865732835461408,18.796502120082074,95.6063121649574,3.532637889267849,0.2790266205184539,18.33590176273486
39,OBU,1.3805388431710461,0.10882128048629847,14.986847386927257,96.96797013837072,1.725000176502154,0.30293366370817587,8.94972593875115
40,OBU,0.48347580906489096,0.1946311932825941,51.85070933098461,90.28157808730991,1.2323761511366838,0.34842572164121466,10.801057001699
41,RSU,0.8217463001554463,0.1147494115127206,93.8367617325168,86.28446070664677,4.155925374031932,0.2899093490068872,5.155376056651365
42,RSU,1.38592989727148,0.01889947843012489,87.5071153123419,89.27238525405114,0.9171693772133265,0.24418596227690542,9.13945106158084
43,OBU,0.26195277224192304,0.135089854914338,44.14211276685115,81.01881172118655,1.9530804047274921,0.3233483490908068,10.428128314492696
44,OBU,1.4057466530472673,0.18471763244053732,49.10511119805711,97.28009633884349,4.193470893372501,0.14571638579110144,15.598115890171417
45,OBU,0.6217244534926556,0.08974170717800099,31.296158633132045,94.3780739430205,3.132035972711574,0.07221326615161808,8.134316600496753
46,OBU,1.1669823162748016,0.026511699376140986,58.96965485631281,92.76392553849972,3.3943376725888963,0.13526263904729824,6.945245239840111
47,RSU,1.0734644899797747,0.03332604849211713,22.192325300561592,88.56776091273058,4.500343288768802,0.20438694174703176,19.580567711951474
48,OBU,0.8181629831200316,0.18782558216116982,66.41119413204504,94.6777190350745,2.1017821033875337,0.2571780712516251,7.017470846928507
49,RSU,0.9229272253909635,0.016907006193524973,48.68822375837751,95.514040939333,4.240840739601146,0.12612941473026096,10.745728252468187
50,OBU,1.0735641050462192,0.19160701897839946,22.910512542114866,85.02583386832652,3.672616718702108,0.11749030508869672,13.03266392509016
